discrete,segment,set,expectdiscrete,expectsegment,expectset
0,0.1,0,0,0.918182,0
0.00891089,0.0960396,0.0910891,0.9,0.881818,0.92
0.0119403,0.100498,0.0945274,1.20597,0.92275,0.954726
0.0116279,0.106645,0.0953488,1.17442,0.979191,0.963023
0.0119701,0.108728,0.0955112,1.20898,0.998322,0.964663
0.0113772,0.110579,0.096008,1.1491,1.01531,0.969681
0.0101498,0.106489,0.0956739,1.02512,0.977764,0.966306
0.0104137,0.10913,0.0948645,1.05178,1.00201,0.958131
0.0111111,0.109613,0.0945069,1.12222,1.00645,0.954519
0.0105438,0.108435,0.0953385,1.06493,0.995631,0.962919
0.0101898,0.107892,0.0943057,1.02917,0.990646,0.952488
0.0103542,0.10772,0.0941871,1.04578,0.989068,0.95129
0.0103247,0.107494,0.0948376,1.0428,0.986988,0.95786
0.0106072,0.106687,0.0956956,1.07133,0.979582,0.966526
0.0106353,0.106781,0.0958601,1.07416,0.980443,0.968187
0.0105929,0.105996,0.0956696,1.06989,0.973236,0.966262
0.0105559,0.106496,0.0954404,1.06615,0.977826,0.963948
0.0102881,0.106408,0.0957672,1.03909,0.977019,0.967249
0.0103831,0.108218,0.0966685,1.0487,0.993635,0.976352
0.00988953,0.107365,0.0961599,0.998843,0.985802,0.971215
0.0097951,0.108146,0.0967017,0.989305,0.992976,0.976687
0.00966207,0.107711,0.0970014,0.975869,0.988979,0.979714
0.00976829,0.107769,0.0974557,0.986597,0.989517,0.984303
0.00964798,0.107823,0.0972621,0.974446,0.990008,0.982347
0.00957934,0.107705,0.0972511,0.967514,0.988929,0.982237
0.00979608,0.107997,0.0969212,0.989404,0.991607,0.978904
0.00968858,0.108074,0.0973472,0.978547,0.992314,0.983206
0.00962606,0.108515,0.0974084,0.972233,0.996368,0.983825
0.00967512,0.109247,0.0979293,0.977187,1.00308,0.989086
0.0095829,0.109135,0.0982075,0.967873,1.00206,0.991896
0.00963012,0.10913,0.0978674,0.972642,1.00201,0.988461
0.00957756,0.109094,0.0976459,0.967333,1.00168,0.986224
0.00943455,0.108497,0.0974383,0.95289,0.996203,0.984127
0.00939109,0.108058,0.0974553,0.9485,0.99217,0.984299
0.0094384,0.108203,0.0974419,0.953278,0.993505,0.984163
0.00945444,0.107969,0.0968866,0.954899,0.991353,0.978555
0.00946959,0.108636,0.0970008,0.956429,0.997481,0.979708
0.00937584,0.108619,0.0965415,0.94696,0.997323,0.975069
0.00933965,0.108603,0.096422,0.943304,0.997173,0.973862
0.00948475,0.107947,0.096847,0.957959,0.991147,0.978154
0.00944764,0.107723,0.0967758,0.954211,0.989094,0.977436
0.00936357,0.107218,0.0967325,0.945721,0.984454,0.976998
0.00937872,0.106879,0.0970721,0.947251,0.981346,0.980428
0.00939316,0.106626,0.09721,0.94871,0.979024,0.981821
0.00929334,0.106771,0.0971825,0.938628,0.980354,0.981543
0.00937569,0.106954,0.0970673,0.946945,0.982032,0.98038
0.0094762,0.10702,0.0970007,0.957096,0.98264,0.979707
0.00955116,0.10719,0.096873,0.964667,0.984199,0.978417
0.00941471,0.106999,0.096834,0.950885,0.982441,0.978023
0.00938584,0.106733,0.096817,0.94797,0.980006,0.977851
0.00937812,0.106999,0.0973005,0.947191,0.982442,0.982735
0.00946873,0.106763,0.0973927,0.956342,0.980282,0.983666
0.00945972,0.106691,0.0974428,0.955432,0.979618,0.984172
0.00946991,0.106942,0.0976608,0.956461,0.981923,0.986374
0.00949824,0.106925,0.0975005,0.959322,0.981763,0.984755
0.00948918,0.107108,0.0978731,0.958408,0.983444,0.988518
0.00942689,0.107124,0.0976968,0.952116,0.983591,0.986738
0.00934924,0.107209,0.0975794,0.944273,0.984376,0.985552
0.00937769,0.107361,0.0978107,0.947147,0.985767,0.987888
0.00950686,0.107304,0.0979664,0.960193,0.985244,0.989461
0.00948175,0.107249,0.0978337,0.957657,0.984739,0.98812
0.00945747,0.107179,0.0976233,0.955204,0.984099,0.985996
0.00941784,0.107273,0.0977584,0.951201,0.984961,0.98736
0.0094112,0.107205,0.0976353,0.950532,0.984339,0.986117
0.00949852,0.107108,0.0978441,0.95935,0.983449,0.988225
0.00955238,0.106891,0.0976157,0.96479,0.981456,0.985919
0.0096046,0.106938,0.097864,0.970065,0.981888,0.988426
0.00965528,0.107163,0.0977765,0.975183,0.983952,0.987542
0.00958683,0.10719,0.0977356,0.968269,0.9842,0.98713
0.00947689,0.107042,0.0975801,0.957166,0.982844,0.985559
0.00945579,0.10697,0.0974147,0.955035,0.982183,0.983888
0.00943529,0.107027,0.0975215,0.952964,0.982704,0.984967
0.00948479,0.10711,0.097542,0.957964,0.983466,0.985174
0.00945076,0.107424,0.0978085,0.954527,0.986344,0.987866
0.00944467,0.107485,0.0978381,0.953912,0.986912,0.988165
0.00939875,0.107426,0.097627,0.949273,0.986363,0.986033
0.00941981,0.107525,0.0978029,0.951401,0.987278,0.98781
0.00950526,0.10748,0.0977276,0.960031,0.986858,0.987048
0.00956288,0.107576,0.097667,0.965851,0.987743,0.986436
0.00956841,0.107733,0.0977091,0.966409,0.989187,0.986862
0.0095738,0.107524,0.0975878,0.966954,0.987266,0.985637
0.00960375,0.10769,0.0976793,0.969979,0.988794,0.986561
0.00959639,0.107865,0.0976466,0.969235,0.990396,0.986231
0.00960125,0.107758,0.0975063,0.969727,0.989415,0.984814
0.00957029,0.107559,0.0973456,0.966599,0.987584,0.98319
0.00956358,0.107646,0.0972591,0.965922,0.988387,0.982317
0.00952215,0.107639,0.0973259,0.961737,0.988319,0.982992
0.00950465,0.107539,0.0972877,0.95997,0.987407,0.982605
0.00945347,0.107431,0.0971708,0.954801,0.986412,0.981425
0.00950455,0.107347,0.0971801,0.95996,0.985645,0.981519
0.0095656,0.107177,0.0971892,0.966126,0.98408,0.981611
0.00962532,0.107285,0.097275,0.972157,0.985071,0.982478
0.00964026,0.107347,0.0972938,0.973666,0.985641,0.982667
0.00962262,0.107386,0.0974841,0.971885,0.986002,0.98459
0.009616,0.107138,0.0974364,0.971216,0.983717,0.984108
0.00963057,0.107115,0.0974529,0.972687,0.983511,0.984274
0.009624,0.107228,0.0972503,0.972024,0.984552,0.982228
0.00963818,0.107216,0.0973405,0.973456,0.984435,0.983139
0.00969289,0.107173,0.0975309,0.978982,0.984041,0.985062
0.00966569,0.107201,0.097576,0.976235,0.984303,0.985518
0.00969903,0.107089,0.0976302,0.979602,0.983274,0.986065
0.00970201,0.107098,0.0976042,0.979903,0.983357,0.985802
0.00968532,0.10697,0.0976179,0.978218,0.982178,0.985941
0.00966896,0.106766,0.097408,0.976565,0.980309,0.983821
0.00972022,0.106942,0.0976252,0.981742,0.981919,0.986015
0.00974193,0.10699,0.0976574,0.983935,0.982361,0.986339
0.0097821,0.107084,0.0977549,0.987992,0.983228,0.987325
0.00976544,0.107186,0.0977946,0.98631,0.984165,0.987725
0.00976761,0.107129,0.0978058,0.986529,0.983639,0.987838
0.00979727,0.107146,0.0978075,0.989524,0.983796,0.987856
0.00981729,0.107263,0.0979365,0.991546,0.984869,0.989159
0.00979191,0.10727,0.097847,0.988983,0.98493,0.988255
0.00975806,0.107383,0.0978573,0.985564,0.985974,0.988359
0.00978674,0.107362,0.0979205,0.988461,0.98578,0.988997
0.00981493,0.107403,0.0979563,0.991308,0.986154,0.989359
0.00980784,0.107365,0.0979132,0.990592,0.985802,0.988924
0.00977502,0.10743,0.0979571,0.987277,0.986406,0.989366
0.00981967,0.107598,0.09806,0.991787,0.987942,0.990406
0.00988899,0.107669,0.0979917,0.998788,0.988596,0.989716
0.00992354,0.107621,0.0980758,1.00228,0.988158,0.990566
0.00989917,0.107649,0.0980835,0.999817,0.988417,0.990643
0.00987522,0.107636,0.0979919,0.997397,0.988292,0.989718
0.00989263,0.107729,0.098033,0.999156,0.989147,0.990133
0.00986912,0.107788,0.0980083,0.996781,0.98969,0.989884
0.00982985,0.107838,0.098105,0.992815,0.99015,0.99086
0.00983121,0.107783,0.0980802,0.992953,0.989647,0.99061
0.00979287,0.107841,0.0980875,0.98908,0.990173,0.990683
0.00978663,0.107842,0.0981261,0.98845,0.990185,0.991074
0.00977267,0.108007,0.0982345,0.98704,0.991702,0.992169
0.00978994,0.107953,0.0982249,0.988784,0.991204,0.992072
0.00978386,0.107984,0.0983078,0.98817,0.991489,0.992909
0.00976261,0.108038,0.0983284,0.986024,0.991981,0.993117
0.00973411,0.107924,0.0983335,0.983145,0.990935,0.993168
0.00971356,0.107977,0.0983385,0.981069,0.991424,0.993219
0.00972315,0.107947,0.0983956,0.982039,0.991151,0.993796
0.00974002,0.10794,0.0985853,0.983742,0.991087,0.995711
0.00971252,0.107985,0.0986472,0.980965,0.991496,0.996336
0.00970002,0.108145,0.0987227,0.979702,0.992971,0.997099
0.00967321,0.108137,0.0986523,0.976994,0.992895,0.996388
0.00968995,0.108172,0.0986044,0.978685,0.993216,0.995905
0.00970645,0.108199,0.0986644,0.980351,0.993467,0.99651
0.00969435,0.108106,0.0986242,0.979129,0.992608,0.996105
0.0096965,0.10807,0.0985212,0.979347,0.992278,0.995064
0.00967764,0.107992,0.0985456,0.977442,0.991567,0.99531
0.00970766,0.107986,0.0984654,0.980474,0.991504,0.9945
0.00970967,0.10791,0.0984277,0.980677,0.990808,0.99412
0.00974591,0.107999,0.0985069,0.984337,0.991631,0.99492
0.00976804,0.10804,0.0987144,0.986572,0.992006,0.997015
0.00978988,0.107986,0.0987298,0.988778,0.991507,0.997171
0.00976445,0.107966,0.0986578,0.986209,0.991323,0.996444
0.00975935,0.107966,0.0986534,0.985694,0.991325,0.9964
0.00976756,0.107913,0.0986623,0.986524,0.990841,0.99649
0.00975594,0.107921,0.0987106,0.98535,0.990907,0.996977
0.009751,0.107967,0.0986864,0.984851,0.991332,0.996732
0.00973313,0.107961,0.0987403,0.983047,0.991274,0.997277
0.0097284,0.107967,0.0986646,0.982569,0.991335,0.996513
0.00973015,0.107852,0.0985514,0.982745,0.990278,0.995369
0.00973186,0.10784,0.0984905,0.982918,0.99017,0.994754
0.00974622,0.107955,0.0985191,0.984368,0.991225,0.995043
0.00972895,0.107911,0.0984718,0.982624,0.990823,0.994565
0.00971814,0.107925,0.0985376,0.981532,0.990943,0.99523
0.00971368,0.107869,0.098497,0.981082,0.990434,0.99482
0.00972162,0.107895,0.0984939,0.981884,0.990668,0.994789
0.00970493,0.107865,0.0984602,0.980198,0.990393,0.994448
0.00971282,0.107896,0.0985489,0.980995,0.99068,0.995344
0.00972062,0.107963,0.0985577,0.981783,0.991298,0.995432
0.00971628,0.107951,0.0986989,0.981345,0.991189,0.996859
0.00971199,0.107862,0.0985869,0.980911,0.990367,0.995728
0.00972561,0.107833,0.0985775,0.982287,0.990102,0.995632
0.00970948,0.107798,0.098574,0.980658,0.989785,0.995598
0.00971119,0.107817,0.0985471,0.980831,0.989958,0.995326
0.00970703,0.107742,0.098503,0.98041,0.98927,0.99488
0.00970292,0.107726,0.0986338,0.979995,0.989123,0.996201
0.00968152,0.107722,0.0986706,0.977834,0.989085,0.996573
0.00968335,0.107706,0.098684,0.978019,0.988941,0.996708
0.00968516,0.107628,0.0986915,0.978201,0.988222,0.996784
0.00969263,0.107681,0.0987614,0.978956,0.988711,0.99749
0.00972826,0.107757,0.0988136,0.982555,0.989402,0.998018
0.00974103,0.107691,0.098781,0.983844,0.988795,0.997688
0.00976482,0.107843,0.0988325,0.986247,0.990196,0.998208
0.00977168,0.107827,0.0987834,0.98694,0.990051,0.997712
0.00975637,0.107845,0.0988012,0.985393,0.990212,0.997892
0.00980166,0.107917,0.0988737,0.989968,0.990876,0.998624
0.00977542,0.107901,0.0988908,0.987318,0.990729,0.998797
0.00978751,0.107837,0.0988098,0.988539,0.990135,0.997979
0.00977245,0.107821,0.0987568,0.987017,0.989995,0.997444
0.00977367,0.107833,0.098742,0.98714,0.990102,0.997294
0.00977488,0.107866,0.0987541,0.987263,0.990405,0.997416
0.00974948,0.107888,0.0986969,0.984698,0.990607,0.996838
0.00973493,0.107915,0.0987831,0.983228,0.990855,0.99771
0.00976264,0.107905,0.098779,0.986027,0.990763,0.997668
0.00976912,0.107952,0.0988744,0.986681,0.9912,0.998631
0.00979116,0.107953,0.0988594,0.988907,0.991202,0.99848
0.0098026,0.107886,0.0988291,0.990063,0.990586,0.998174
0.00980362,0.107933,0.0987939,0.990165,0.991017,0.997818
0.00978411,0.107984,0.0987642,0.988195,0.991491,0.997518
0.00978522,0.10802,0.0987654,0.988307,0.99182,0.99753
0.00980153,0.10805,0.098797,0.989955,0.992099,0.99785
0.00978738,0.10801,0.0987526,0.988526,0.991725,0.997401
0.00978343,0.10801,0.0988192,0.988126,0.991725,0.998073
0.00982951,0.108105,0.0988001,0.99278,0.992597,0.997881
0.00983533,0.108164,0.0988807,0.993369,0.99314,0.998695
0.00985595,0.108208,0.0989555,0.995451,0.993542,0.999451
0.00985173,0.108226,0.0989163,0.995025,0.993713,0.999055
0.00984756,0.10823,0.0989118,0.994603,0.993748,0.999009
0.00985318,0.108209,0.0988976,0.995171,0.993559,0.998866
0.00985875,0.108237,0.0989758,0.995733,0.993817,0.999655
0.00985943,0.108227,0.0989952,0.995802,0.993717,0.999852
0.00986491,0.108283,0.0989904,0.996356,0.994237,0.999803
0.00988469,0.108248,0.0989331,0.998354,0.993917,0.999224
0.00988048,0.108247,0.0988572,0.997929,0.993906,0.998458
0.00985261,0.108184,0.0987868,0.995114,0.99333,0.997747
0.00985803,0.108212,0.0987972,0.995661,0.993582,0.997852
0.00987747,0.108248,0.0987888,0.997625,0.993918,0.997767
0.00987337,0.108303,0.0987944,0.99721,0.994422,0.997824
0.00986466,0.108344,0.0987396,0.99633,0.994793,0.99727
0.00986528,0.108333,0.0987917,0.996394,0.994693,0.997796
0.00987512,0.108345,0.0988572,0.997387,0.994806,0.998458
0.00986193,0.10833,0.0988257,0.996055,0.994665,0.99814
0.00986256,0.108319,0.09879,0.996119,0.994568,0.997779
0.00984501,0.108309,0.0987955,0.994346,0.994471,0.997835
0.00984118,0.108334,0.0987964,0.99396,0.994707,0.997844
0.00981487,0.108256,0.0987838,0.991302,0.99399,0.997717
0.00979777,0.108255,0.0987893,0.989574,0.99398,0.997772
0.00980313,0.108259,0.0987768,0.990117,0.99401,0.997646
0.00979068,0.108257,0.0987601,0.988858,0.994,0.997477
0.00978718,0.108274,0.0987434,0.988505,0.994152,0.997309
0.00979252,0.108304,0.0987313,0.989044,0.994424,0.997186
0.0098022,0.108298,0.0987457,0.990022,0.994371,0.997331
0.00980743,0.108366,0.0987075,0.990551,0.995001,0.996946
0.00980827,0.10833,0.0986653,0.990635,0.994667,0.996519
0.00982641,0.108407,0.0986581,0.992468,0.995369,0.996447
0.00984009,0.108362,0.0986854,0.993849,0.994957,0.996723
0.0098279,0.108373,0.0987039,0.992618,0.995061,0.99691
0.00983291,0.108393,0.0987052,0.993124,0.995243,0.996922
0.00982937,0.108463,0.098732,0.992766,0.995892,0.997193
0.00985128,0.108445,0.098767,0.994979,0.995718,0.997547
0.00984769,0.10843,0.0987342,0.994616,0.995585,0.997216
0.00982312,0.108449,0.0987353,0.992135,0.995761,0.997227
0.00979457,0.108435,0.0987406,0.989252,0.995629,0.99728
0.00979543,0.108437,0.0987459,0.989338,0.99565,0.997333
0.00983777,0.108464,0.0987345,0.993614,0.9959,0.997218
0.0098467,0.108512,0.098686,0.994517,0.996338,0.996729
0.00985145,0.108493,0.0986955,0.994996,0.996167,0.996825
0.00985206,0.108528,0.0986558,0.995058,0.996487,0.996423
0.0098445,0.108547,0.0986245,0.994294,0.996655,0.996108
0.0098248,0.108565,0.0986179,0.992305,0.996821,0.996041
0.00981742,0.108587,0.0986357,0.991559,0.997023,0.99622
0.00982218,0.108576,0.0985323,0.992041,0.996928,0.995176
0.00985503,0.10863,0.0985262,0.995358,0.997422,0.995114
0.0098716,0.108704,0.0985761,0.997032,0.998097,0.995618
0.00987212,0.108697,0.0985777,0.997084,0.998035,0.995635
0.00988453,0.108718,0.0985397,0.998337,0.998228,0.995251
0.00987708,0.108679,0.0984941,0.997585,0.997875,0.994791
0.00990512,0.108708,0.0984961,1.00042,0.99814,0.994811
0.00991726,0.108745,0.0985648,1.00164,0.998475,0.995504
0.00991368,0.108715,0.0985704,1.00128,0.998197,0.995561
0.00990234,0.108735,0.0985448,1.00014,0.998386,0.995303
0.00987946,0.108728,0.0985272,0.997826,0.998324,0.995125
0.0098529,0.108733,0.0985367,0.995143,0.998369,0.995221
0.00983424,0.108707,0.0985039,0.993258,0.998131,0.994889
0.00983104,0.108701,0.0985211,0.992935,0.998071,0.995063
0.0098355,0.108717,0.0985039,0.993386,0.998222,0.994889
0.00984373,0.108734,0.0985172,0.994217,0.998371,0.995023
0.00982917,0.108685,0.0984735,0.992746,0.997928,0.994583
0.00984869,0.108705,0.0984793,0.994717,0.998113,0.994641
0.00984174,0.108688,0.0984361,0.994015,0.99795,0.994205
0.00984607,0.108711,0.0984008,0.994453,0.998167,0.993848
0.00984292,0.108664,0.0983807,0.994135,0.997732,0.993645
0.00983978,0.108687,0.0983755,0.993818,0.997948,0.993593
0.00983297,0.108677,0.098426,0.99313,0.997857,0.994102
0.00982621,0.108657,0.0983912,0.992447,0.997664,0.993751
0.00983787,0.108709,0.0983346,0.993625,0.998148,0.99318
0.00983847,0.108758,0.09837,0.993685,0.998595,0.993537
0.00983541,0.108726,0.0982847,0.993376,0.998302,0.992676
0.00982873,0.108734,0.0982728,0.992702,0.998378,0.992555
0.00982573,0.10875,0.0981776,0.992399,0.99852,0.991594
0.00982997,0.108754,0.0981697,0.992827,0.998561,0.991514
0.00984137,0.108751,0.0982051,0.993979,0.998536,0.991871
0.00983477,0.108763,0.098233,0.993312,0.998643,0.992154
0.00983179,0.108732,0.0982072,0.993011,0.998356,0.991893
0.00985018,0.108743,0.0982421,0.994869,0.998463,0.992245
0.00983298,0.108691,0.0982483,0.993131,0.997983,0.992308
0.00983358,0.108671,0.0982085,0.993191,0.997798,0.991906
0.00984824,0.108697,0.0982289,0.994673,0.998035,0.992112
0.00985229,0.108768,0.0982141,0.995081,0.998689,0.991962
0.00985979,0.108769,0.0982273,0.995839,0.998696,0.992096
0.00984983,0.108815,0.0981952,0.994833,0.99912,0.991771
0.00984341,0.108809,0.098198,0.994184,0.999062,0.9918
0.00984395,0.108816,0.0982215,0.994239,0.999132,0.992037
0.00985138,0.108713,0.0981449,0.99499,0.998188,0.991263
0.00983471,0.108653,0.0981581,0.993306,0.997629,0.991397
0.00984555,0.10865,0.0981816,0.994401,0.997608,0.991634
0.00983584,0.108672,0.0982014,0.99342,0.997807,0.991834
0.009833,0.108666,0.0981395,0.993133,0.997755,0.991209
0.0098234,0.108664,0.0981187,0.992163,0.997734,0.990999
0.00983751,0.108669,0.0981487,0.993588,0.997776,0.991302
0.00983469,0.10871,0.0981415,0.993303,0.998157,0.991229
0.0098386,0.108728,0.0981477,0.993698,0.99832,0.991292
0.00984582,0.108779,0.0982308,0.994428,0.998789,0.992131
0.00983967,0.108836,0.0982767,0.993807,0.999316,0.992595
0.00983688,0.108854,0.0982625,0.993525,0.999473,0.992451
0.0098308,0.108831,0.0982219,0.992911,0.999265,0.992041
0.00983796,0.108792,0.0982278,0.993634,0.998906,0.992101
0.00984836,0.108792,0.0982468,0.994684,0.998913,0.992292
0.00983902,0.10879,0.0982066,0.993741,0.998889,0.991887
0.00982974,0.108748,0.0982452,0.992804,0.998505,0.992276
0.00983356,0.108772,0.0982509,0.993189,0.998722,0.992334
0.00984059,0.108772,0.0982533,0.9939,0.998729,0.992358
0.00984758,0.108757,0.0982622,0.994605,0.998587,0.992448
0.00983839,0.108758,0.0982936,0.993678,0.998594,0.992765
0.00984534,0.108775,0.0983345,0.99438,0.998749,0.993178
0.00982981,0.108788,0.0983174,0.992811,0.998873,0.993005
0.00983994,0.108808,0.0983483,0.993834,0.999056,0.993318
0.00982771,0.108818,0.0983504,0.992599,0.999149,0.993339
0.00982509,0.108822,0.098327,0.992334,0.999183,0.993103
0.00982247,0.10881,0.0983228,0.99207,0.999072,0.993061
0.00981988,0.108829,0.0983218,0.991808,0.999252,0.99305
0.0098173,0.108814,0.0983711,0.991547,0.999112,0.993548
0.00982728,0.108868,0.0984076,0.992555,0.999607,0.993916
0.00981844,0.108868,0.0983969,0.991663,0.999611,0.993809
0.00981278,0.108822,0.0983895,0.991091,0.999185,0.993734
0.00981646,0.108813,0.0984038,0.991463,0.999105,0.993878
0.00980465,0.108817,0.098387,0.99027,0.999138,0.993709
0.00981143,0.108858,0.0983951,0.990954,0.999512,0.993791
0.00984585,0.108864,0.0984831,0.994431,0.999573,0.99468
0.00983405,0.108862,0.0984479,0.993239,0.999548,0.994324
0.00984374,0.108905,0.0984282,0.994217,0.999945,0.994125
0.00984421,0.108917,0.098436,0.994265,1.00006,0.994204
0.00984772,0.108945,0.098456,0.99462,1.00031,0.994405
0.00985425,0.108924,0.0984607,0.995279,1.00012,0.994453
0.00985167,0.10893,0.0984985,0.995018,1.00018,0.994835
0.00984609,0.108903,0.0985061,0.994455,0.999931,0.994911
0.00985256,0.108889,0.0985256,0.995108,0.999795,0.995108
0.00985599,0.108904,0.098521,0.995455,0.999936,0.995062
0.00985344,0.108839,0.0985254,0.995197,0.999336,0.995107
0.00985983,0.108815,0.0985358,0.995842,0.999122,0.995211
0.00986914,0.108777,0.0985015,0.996783,0.998772,0.994865
0.00986361,0.108796,0.0984764,0.996225,0.998941,0.994611
0.00985517,0.108722,0.0984042,0.995372,0.99827,0.993882
0.00986442,0.10877,0.0983589,0.996306,0.998709,0.993425
0.00985015,0.108771,0.0983666,0.994865,0.998716,0.993503
0.00984474,0.108798,0.0983626,0.994319,0.998963,0.993463
0.00985394,0.108822,0.0983645,0.995248,0.999183,0.993481
0.00985437,0.108814,0.0983547,0.995291,0.999108,0.993382
0.00986058,0.108794,0.0983479,0.995919,0.998926,0.993314
0.00986966,0.108769,0.0983555,0.996835,0.998693,0.993391
0.00987868,0.108804,0.0983632,0.997747,0.999017,0.993468
0.00989052,0.108816,0.0983851,0.998943,0.999127,0.99369
0.00988797,0.108825,0.0984098,0.998685,0.999211,0.993939
0.009874,0.108883,0.0984,0.997274,0.99974,0.99384
0.00987151,0.108889,0.0983562,0.997023,0.999796,0.993397
0.00986336,0.108886,0.0983921,0.996199,0.999772,0.99376
0.00985808,0.108855,0.0983683,0.995666,0.999489,0.99352
0.00985848,0.108836,0.0984153,0.995706,0.999311,0.993995
0.00983634,0.108805,0.0983831,0.993471,0.999031,0.99367
0.00982276,0.108809,0.0983427,0.992099,0.999062,0.993262
0.00980645,0.108781,0.0983054,0.990451,0.99881,0.992884
0.0098042,0.108754,0.0983185,0.990224,0.998559,0.993017
0.00979638,0.108732,0.0982758,0.989435,0.998361,0.992586
0.00978862,0.108691,0.09825,0.98865,0.997985,0.992325
0.00977812,0.108667,0.0982687,0.98759,0.997764,0.992514
0.0097815,0.108721,0.0982735,0.987931,0.998254,0.992563
0.00977384,0.108708,0.0983113,0.987157,0.998135,0.992945
0.0097827,0.10872,0.098316,0.988052,0.998243,0.992991
0.00977507,0.108704,0.098337,0.987282,0.998099,0.993204
0.00977296,0.108699,0.0983197,0.987069,0.998056,0.993029
0.00977085,0.108719,0.0983379,0.986856,0.998239,0.993213
0.00976604,0.108744,0.0983343,0.98637,0.998471,0.993176
0.00977209,0.108764,0.0983036,0.986981,0.998651,0.992866
0.00975649,0.108765,0.0982622,0.985406,0.998657,0.992448
0.00975176,0.10876,0.098248,0.984928,0.998613,0.992305
0.00975243,0.108744,0.098242,0.984995,0.998471,0.992244
0.00975577,0.108825,0.0982521,0.985333,0.999216,0.992346
0.00974573,0.108791,0.0982407,0.984319,0.998901,0.992231
0.00975974,0.108781,0.0982507,0.985734,0.998808,0.992332
0.0097524,0.108752,0.0982314,0.984992,0.998545,0.992137
0.00976367,0.108798,0.0982229,0.98613,0.998965,0.992051
0.00976165,0.108823,0.0982302,0.985926,0.999189,0.992125
0.00976491,0.108828,0.0982665,0.986256,0.999241,0.992492
0.00975501,0.108816,0.0982211,0.985256,0.999125,0.992033
0.00974515,0.108819,0.09821,0.98426,0.999153,0.991921
0.00974844,0.108835,0.0982723,0.984592,0.999302,0.99255
0.0097517,0.108841,0.0982324,0.984922,0.999354,0.992148
0.00975235,0.108851,0.0982318,0.984987,0.999453,0.992141
0.00976079,0.108839,0.0982156,0.985839,0.999337,0.991978
0.00975363,0.108805,0.0981814,0.985117,0.999032,0.991632
0.00975427,0.108788,0.0981525,0.985181,0.998871,0.99134
0.00976779,0.108742,0.098116,0.986547,0.99845,0.990972
0.00976325,0.108748,0.0981492,0.986088,0.998503,0.991306
0.00976385,0.108715,0.0981667,0.986149,0.998203,0.991484
0.0097619,0.108711,0.0981561,0.985952,0.998163,0.991376
0.00975996,0.108709,0.0981837,0.985755,0.998146,0.991656
0.00975293,0.108702,0.0981934,0.985046,0.998083,0.991754
0.00976371,0.108708,0.0982234,0.986135,0.998136,0.992056
0.00976684,0.108711,0.098238,0.986451,0.998166,0.992204
0.00977248,0.108704,0.0982425,0.987021,0.998103,0.992249
0.00978061,0.108662,0.0982293,0.987842,0.997717,0.992116
0.00978367,0.108658,0.0982965,0.988151,0.997679,0.992795
0.0097767,0.108641,0.0982858,0.987446,0.997525,0.992686
0.00977226,0.108622,0.0983025,0.986998,0.99735,0.992856
0.00977033,0.108618,0.0982594,0.986803,0.997313,0.99242
0.0097709,0.108629,0.0982886,0.986861,0.997413,0.992715
0.00977147,0.10864,0.0983077,0.986918,0.997513,0.992908
0.00977699,0.108606,0.0983317,0.987476,0.997203,0.99315
0.00979482,0.108624,0.098326,0.989277,0.99737,0.993092
0.00979779,0.108556,0.0983326,0.989577,0.996746,0.993159
0.00980074,0.108521,0.098344,0.989875,0.996417,0.993275
0.00980123,0.10849,0.098375,0.989924,0.996135,0.993588
0.00980416,0.108523,0.0983863,0.99022,0.996439,0.993702
0.00981683,0.108539,0.0983635,0.9915,0.996584,0.993471
0.00980755,0.108562,0.0983382,0.990562,0.996795,0.993216
0.00980559,0.108551,0.0983471,0.990364,0.996693,0.993306
0.00980848,0.108574,0.098339,0.990656,0.996903,0.993224
0.00982102,0.108596,0.0983575,0.991923,0.997113,0.993411
0.00982627,0.108583,0.0983494,0.992453,0.996989,0.993329
0.00981707,0.108565,0.0983077,0.991524,0.996821,0.992908
0.00981511,0.108599,0.0982854,0.991326,0.997139,0.992683
0.00982512,0.10861,0.0983087,0.992337,0.997236,0.992917
0.00981361,0.108537,0.0982984,0.991174,0.996565,0.992814
0.00983072,0.108569,0.0983072,0.992903,0.996859,0.992903
0.00981924,0.108518,0.0982874,0.991744,0.996389,0.992703
0.00982204,0.108545,0.0982512,0.992026,0.996639,0.992337
0.00983192,0.108544,0.0982412,0.993024,0.996627,0.992236
0.00984175,0.108535,0.0982665,0.994017,0.99655,0.992492
0.00984212,0.108553,0.0983318,0.994054,0.996712,0.993151
0.0098378,0.108561,0.0983404,0.993617,0.996786,0.993238
0.00983818,0.10855,0.0983279,0.993656,0.996688,0.993112
0.00985491,0.108584,0.0983388,0.995346,0.996998,0.993222
0.00985059,0.108571,0.0983357,0.994909,0.996878,0.993191
0.00984396,0.10859,0.098314,0.99424,0.997058,0.992971
0.00983736,0.10858,0.0983133,0.993573,0.99696,0.992964
0.00982848,0.108567,0.0982778,0.992676,0.996842,0.992606
0.00982656,0.108593,0.0982795,0.992483,0.997084,0.992623
0.00982696,0.108615,0.0982765,0.992523,0.997283,0.992593
0.00982736,0.108591,0.0982828,0.992563,0.997059,0.992656
0.00982088,0.108585,0.0982684,0.991908,0.997005,0.992511
0.00983273,0.108576,0.0982975,0.993105,0.996929,0.992805
0.00983539,0.108571,0.0983151,0.993375,0.996875,0.992983
0.00983349,0.108613,0.0982893,0.993182,0.997261,0.992722
0.00982478,0.108598,0.0982955,0.992302,0.997123,0.992784
0.00982971,0.10858,0.0982994,0.992801,0.996965,0.992824
0.00983688,0.108602,0.098319,0.993525,0.99716,0.993022
0.00984854,0.108605,0.0983274,0.994702,0.997189,0.993106
0.00984888,0.108619,0.0983221,0.994737,0.997322,0.993053
0.00984922,0.108607,0.0983573,0.994771,0.997206,0.993409
0.00984955,0.108589,0.0983296,0.994805,0.997049,0.993129
0.00984765,0.108604,0.0983423,0.994613,0.997181,0.993257
0.00984576,0.108634,0.0983639,0.994422,0.997455,0.993475
0.00983497,0.108626,0.0983809,0.993332,0.997381,0.993647
0.00982867,0.10862,0.0983734,0.992696,0.997327,0.993571
0.00981575,0.108612,0.0983615,0.99139,0.997254,0.993451
0.00982279,0.108606,0.0983474,0.992102,0.997201,0.993309
0.00983422,0.108574,0.0983245,0.993256,0.996905,0.993078
0.00982577,0.10857,0.0983503,0.992403,0.996873,0.993338
0.00983275,0.108565,0.0983473,0.993108,0.996821,0.993308
0.00984408,0.108557,0.0983685,0.994252,0.996749,0.993521
0.00985318,0.108617,0.0984202,0.995171,0.9973,0.994044
0.00984476,0.108618,0.0984454,0.994321,0.997308,0.994299
0.00982985,0.108623,0.0984118,0.992815,0.997356,0.993959
0.00984326,0.108632,0.09845,0.99417,0.997443,0.994345
0.0098371,0.108605,0.0984144,0.993547,0.997192,0.993985
0.00983312,0.108612,0.0984243,0.993145,0.997259,0.994085
0.00982484,0.108639,0.0984342,0.992309,0.997505,0.994185
0.00982737,0.108642,0.098472,0.992565,0.997532,0.994567
0.0098299,0.10866,0.0984667,0.99282,0.997697,0.994514
0.00982597,0.108637,0.0985129,0.992423,0.997487,0.99498
0.00983277,0.108649,0.0985118,0.993109,0.997592,0.994969
0.00981817,0.108652,0.0984829,0.991635,0.997619,0.994678
0.00982069,0.108684,0.098467,0.991889,0.997919,0.994517
0.00981681,0.108689,0.0985,0.991498,0.997964,0.99485
0.0098172,0.108698,0.0984905,0.991537,0.998048,0.994754
0.00981547,0.10872,0.0985022,0.991363,0.998249,0.994872
0.00980952,0.108691,0.0985117,0.990761,0.997982,0.994968
0.00979937,0.108707,0.0985211,0.989737,0.998124,0.995063
0.00979979,0.108732,0.0985179,0.989779,0.998362,0.995031
0.00979391,0.10875,0.0984853,0.989185,0.998521,0.994702
0.00980273,0.108765,0.0984885,0.990076,0.998661,0.994734
0.0098136,0.108795,0.0985063,0.991174,0.998934,0.994914
0.00981399,0.108812,0.0985428,0.991213,0.999091,0.995283
0.00982271,0.108823,0.0985667,0.992094,0.999191,0.995524
0.00982932,0.108798,0.0985614,0.992761,0.998965,0.99547
0.00982967,0.108765,0.0985664,0.992797,0.998664,0.995521
0.00983209,0.108739,0.098588,0.993042,0.998421,0.995739
0.00982418,0.108723,0.0985909,0.992242,0.998274,0.995768
0.00983073,0.108724,0.0985959,0.992903,0.99828,0.995819
0.00981873,0.108718,0.0985782,0.991692,0.998228,0.99564
0.00982731,0.108731,0.0985421,0.992559,0.998347,0.995275
0.00982152,0.108682,0.0985533,0.991974,0.9979,0.995388
0.00983415,0.108701,0.0985583,0.99325,0.998075,0.995439
0.00983449,0.108702,0.0985327,0.993284,0.998081,0.99518
0.00984501,0.108719,0.0985459,0.994346,0.998236,0.995313
0.0098433,0.108691,0.0985102,0.994173,0.99798,0.994953
0.0098355,0.108683,0.0985335,0.993386,0.997911,0.995188
0.00982166,0.108696,0.0985385,0.991988,0.998029,0.995239
0.00982202,0.108669,0.0985293,0.992024,0.997775,0.995146
0.00982037,0.108649,0.0985141,0.991857,0.997596,0.994993
0.00982475,0.108634,0.098491,0.9923,0.997454,0.994759
0.00982711,0.108658,0.0985161,0.992538,0.997682,0.995013
0.00982946,0.108663,0.0985211,0.992776,0.997725,0.995063
0.0098358,0.108662,0.098528,0.993416,0.997713,0.995133
0.00982615,0.108631,0.098537,0.992441,0.997426,0.995223
0.00981654,0.108627,0.098506,0.99147,0.997396,0.994911
0.00981889,0.108648,0.0985468,0.991708,0.997586,0.995322
0.00981925,0.108672,0.0985853,0.991744,0.997811,0.995712
0.00981565,0.108671,0.0986079,0.99138,0.997798,0.99594
0.00981404,0.108634,0.0986245,0.991218,0.99746,0.996108
0.00980849,0.108672,0.0986746,0.990657,0.99781,0.996613
0.00980492,0.108677,0.0986752,0.990297,0.997852,0.99662
0.0098171,0.108678,0.09867,0.991527,0.997858,0.996567
0.00981745,0.108668,0.0986902,0.991563,0.997774,0.996771
0.0098276,0.108671,0.0986967,0.992587,0.997798,0.996837
0.00981426,0.108639,0.0986758,0.99124,0.997499,0.996626
0.00982242,0.108635,0.0986842,0.992064,0.99747,0.996711
0.00982666,0.108628,0.0986829,0.992492,0.997405,0.996697
0.00983088,0.108637,0.0986777,0.992919,0.997483,0.996645
0.00982152,0.108581,0.098657,0.991973,0.996973,0.996436
0.00983153,0.108588,0.0986847,0.992985,0.997034,0.996716
0.00982413,0.108573,0.0986545,0.992238,0.996899,0.99641
0.0098264,0.108576,0.0986609,0.992466,0.996925,0.996475
0.00981904,0.108575,0.0986596,0.991723,0.996914,0.996462
0.00982707,0.108583,0.0986756,0.992534,0.996992,0.996624
0.00983506,0.108605,0.0987108,0.993341,0.997193,0.996979
0.0098392,0.108608,0.0987419,0.993759,0.997218,0.997293
0.00983378,0.108595,0.0987424,0.993212,0.997102,0.997298
0.0098341,0.108617,0.0987581,0.993244,0.997301,0.997457
0.00982871,0.108637,0.0987339,0.9927,0.997483,0.997212
0.00982145,0.108637,0.0987211,0.991966,0.997489,0.997083
0.00981989,0.108629,0.0987008,0.991809,0.997408,0.996878
0.00981267,0.108629,0.0986976,0.99108,0.997415,0.996845
0.00980925,0.108666,0.0987132,0.990734,0.99775,0.997004
0.00981526,0.108653,0.0987119,0.991341,0.997635,0.99699
0.00980809,0.108665,0.0986918,0.990617,0.997745,0.996787
0.00980094,0.108647,0.098698,0.989895,0.997578,0.996849
0.00980131,0.108685,0.0987566,0.989933,0.997928,0.997441
0.00981851,0.108675,0.0987626,0.991669,0.99783,0.997503
0.00982071,0.108703,0.0987649,0.991892,0.998093,0.997526
0.00981732,0.108696,0.0987542,0.99155,0.99803,0.997418
0.0098158,0.108719,0.0987733,0.991396,0.99824,0.99761
0.00982542,0.108746,0.0988108,0.992367,0.998483,0.997989
0.00982019,0.108717,0.0988,0.991839,0.998215,0.99788
0.00981867,0.10871,0.0988133,0.991686,0.998152,0.998015
0.00982454,0.108682,0.0988174,0.992279,0.997903,0.998055
0.00983407,0.108692,0.0988066,0.993241,0.997993,0.997947
0.00984541,0.108722,0.0988107,0.994386,0.998268,0.997988
0.00984386,0.108721,0.0988367,0.994229,0.998256,0.998251
0.00984231,0.108751,0.0988608,0.994073,0.99853,0.998494
0.00985174,0.108733,0.0988647,0.995026,0.998366,0.998534
0.00985566,0.108781,0.0988887,0.995422,0.998806,0.998776
0.00985774,0.108783,0.0989108,0.995632,0.998826,0.998999
0.00986164,0.108789,0.0989146,0.996026,0.99888,0.999037
0.00986552,0.108795,0.0989093,0.996417,0.998934,0.998984
0.00986395,0.108804,0.0989112,0.996259,0.99902,0.999004
0.00985696,0.108808,0.098915,0.995553,0.999057,0.999042
0.00985361,0.108814,0.0989134,0.995215,0.99911,0.999025
0.00984847,0.108812,0.0989153,0.994696,0.999096,0.999045
0.00984515,0.10878,0.0989011,0.99436,0.998802,0.998901
0.00984542,0.108736,0.0989031,0.994388,0.998394,0.998921
0.00983674,0.108753,0.0988764,0.993511,0.998546,0.998651
0.00982988,0.108764,0.0988784,0.992818,0.998649,0.998672
0.0098409,0.108757,0.0988661,0.99393,0.998587,0.998548
0.00984118,0.108738,0.0988235,0.993959,0.998411,0.998118
0.00984502,0.108747,0.0988399,0.994347,0.998497,0.998283
0.00984174,0.108728,0.0988224,0.994016,0.998322,0.998106
0.00983316,0.108725,0.0988085,0.993149,0.998293,0.997966
0.00982638,0.108736,0.0988089,0.992464,0.998395,0.99797
0.00982845,0.108707,0.098788,0.992673,0.998124,0.997759
0.00982699,0.108707,0.0987831,0.992526,0.998129,0.997709
0.00982201,0.108695,0.09878,0.992023,0.99802,0.997678
0.00982057,0.108706,0.0987575,0.991877,0.998122,0.997451
0.0098279,0.108709,0.0987404,0.992618,0.998143,0.997278
0.0098247,0.108718,0.0987426,0.992294,0.998228,0.9973
0.00982675,0.108718,0.0987675,0.992502,0.998232,0.997552
0.00982531,0.108724,0.0987609,0.992356,0.998285,0.997485
0.00983781,0.108721,0.098791,0.993619,0.998257,0.997789
0.00983287,0.108711,0.0987565,0.99312,0.998166,0.997441
0.00982969,0.108686,0.0987535,0.992799,0.997932,0.99741
0.00983865,0.108681,0.0987626,0.993704,0.997889,0.997502
0.00984066,0.108671,0.0987889,0.993907,0.997799,0.997768
0.00984266,0.108653,0.0987634,0.994109,0.997629,0.99751
0.00984466,0.108665,0.0987914,0.99431,0.997746,0.997793
0.00985181,0.108656,0.0987694,0.995033,0.997656,0.997571
0.00984519,0.108641,0.0987629,0.994364,0.99752,0.997505
0.00984031,0.108638,0.098801,0.993871,0.997494,0.997891
0.00983202,0.108621,0.098798,0.993034,0.997342,0.997859
0.00982889,0.108631,0.0988239,0.992718,0.997427,0.998122
0.0098343,0.108645,0.0988208,0.993265,0.997558,0.998091
0.0098414,0.10864,0.0988143,0.993981,0.997516,0.998025
0.00983317,0.108638,0.0987993,0.99315,0.997491,0.997873
0.00983515,0.108633,0.098798,0.99335,0.99745,0.99786
0.00983034,0.108603,0.0987949,0.992865,0.997175,0.997829
0.00982725,0.108599,0.0987902,0.992552,0.997135,0.997781
0.00982078,0.108591,0.098799,0.991899,0.997063,0.99787
0.00981265,0.108587,0.098801,0.991078,0.997023,0.99789
0.00981128,0.108584,0.0988064,0.99094,0.996999,0.997945
0.0098116,0.10857,0.098795,0.990972,0.996866,0.997829
0.00982198,0.108555,0.098802,0.99202,0.996734,0.997901
0.00981893,0.108558,0.0987839,0.991712,0.996757,0.997718
0.00981589,0.108537,0.0987759,0.991405,0.996564,0.997637
0.00981119,0.108532,0.098793,0.99093,0.996525,0.997809
0.00980817,0.108512,0.0987917,0.990625,0.996333,0.997796
0.0098035,0.108479,0.0987704,0.990153,0.996035,0.997581
0.00979884,0.108475,0.0987525,0.989683,0.995997,0.9974
0.00980747,0.108461,0.0987397,0.990554,0.995868,0.997271
0.00980116,0.10847,0.098697,0.989917,0.995952,0.99684
0.00979818,0.108451,0.0987273,0.989617,0.995778,0.997146
0.00980017,0.108477,0.0987277,0.989817,0.996014,0.99715
0.0098005,0.108481,0.0987529,0.98985,0.996052,0.997404
0.00980247,0.10847,0.0987418,0.990049,0.995954,0.997292
0.0098028,0.108463,0.0987143,0.990082,0.995887,0.997015
0.00980312,0.108482,0.0987377,0.990115,0.99606,0.997251
0.00980344,0.108486,0.0987594,0.990147,0.996098,0.99747
0.0098054,0.108482,0.0987615,0.990345,0.996061,0.997491
0.00979756,0.108489,0.0987782,0.989553,0.996129,0.997659
0.00980114,0.108493,0.0987443,0.989915,0.996166,0.997318
0.00979334,0.108467,0.0987187,0.989127,0.99592,0.997059
0.00979854,0.108469,0.098724,0.989653,0.995943,0.997113
0.00979725,0.108478,0.0987261,0.989522,0.996025,0.997134
0.00980081,0.108479,0.0987411,0.989882,0.996033,0.997285
0.00979467,0.108459,0.0987254,0.989262,0.995848,0.997126
0.00979984,0.10844,0.0987033,0.989784,0.995678,0.996903
0.00979855,0.108464,0.0986957,0.989654,0.995893,0.996826
0.00979405,0.108474,0.0986978,0.9892,0.99599,0.996847
0.00979599,0.108473,0.0986934,0.989395,0.995983,0.996804
0.00979311,0.108436,0.0986699,0.989104,0.995637,0.996566
0.00980464,0.108454,0.0987008,0.990269,0.995807,0.996878
0.00980176,0.108462,0.0986949,0.989978,0.995874,0.996819
0.0097941,0.10845,0.0986826,0.989204,0.995765,0.996695
0.00979284,0.108454,0.0987007,0.989077,0.995802,0.996877
0.00979158,0.10845,0.0987059,0.988949,0.995766,0.99693
0.0097935,0.108455,0.0987365,0.989143,0.995818,0.997239
0.00978114,0.108423,0.0987052,0.987896,0.99552,0.996923
0.00977041,0.108427,0.0986994,0.986812,0.995558,0.996864
0.00977078,0.108406,0.0986793,0.986849,0.995363,0.996661
0.00976641,0.108419,0.0986704,0.986407,0.995487,0.996571
0.00976992,0.108409,0.0986882,0.986762,0.995395,0.996751
0.00976871,0.108402,0.0986777,0.98664,0.995331,0.996645
0.00976594,0.108389,0.0986798,0.98636,0.99521,0.996666
0.00977101,0.108368,0.098674,0.986872,0.995017,0.996607
0.00977606,0.108399,0.0986776,0.987382,0.995299,0.996644
0.00977329,0.10837,0.0986828,0.987102,0.995035,0.996697
0.00976428,0.108351,0.0986506,0.986192,0.994858,0.996371
0.00975997,0.108333,0.0986184,0.985757,0.994696,0.996046
0.00975568,0.10835,0.0986097,0.985324,0.994848,0.995958
0.00975451,0.108352,0.0986134,0.985205,0.994872,0.995995
0.00975954,0.108349,0.098631,0.985713,0.994838,0.996173
0.00977075,0.108345,0.0986208,0.986845,0.994805,0.99607
0.00977883,0.108363,0.0986322,0.987662,0.99497,0.996185
0.00977763,0.108358,0.0986204,0.98754,0.994923,0.996066
0.00977335,0.108345,0.0986056,0.987108,0.994804,0.995916
0.00977062,0.10832,0.0986031,0.986832,0.994573,0.995891
0.00978326,0.108319,0.0985822,0.988109,0.994569,0.99568
0.00977592,0.108304,0.0985598,0.987368,0.994424,0.995454
0.00977014,0.108295,0.0985559,0.986784,0.994349,0.995415
0.00976743,0.108281,0.0985535,0.986511,0.994218,0.995391
0.00976779,0.108302,0.0985466,0.986547,0.994411,0.995321
0.00976967,0.108323,0.0985564,0.986736,0.994603,0.99542
0.00976241,0.108291,0.0985327,0.986003,0.994305,0.995181
0.00976733,0.108322,0.0985563,0.9865,0.994593,0.995418
0.00976768,0.108294,0.098566,0.986536,0.994338,0.995517
0.00977712,0.108291,0.0985849,0.98749,0.994306,0.995707
0.00977595,0.108296,0.0985794,0.987371,0.994358,0.995652
0.00977931,0.108302,0.0985786,0.98771,0.994409,0.995644
0.00978417,0.108308,0.0985551,0.988201,0.99446,0.995406
0.00978298,0.108316,0.0985377,0.988081,0.994539,0.995231
0.00978331,0.108341,0.0985429,0.988114,0.994769,0.995283
0.00978364,0.10833,0.0985376,0.988147,0.994668,0.995229
0.00978846,0.108324,0.0985427,0.988634,0.994609,0.995282
0.00978728,0.108334,0.0985449,0.988515,0.9947,0.995304
0.00979059,0.108317,0.0985426,0.988849,0.994545,0.99528
0.00979388,0.108304,0.0985239,0.989182,0.994431,0.995091
0.00979866,0.10831,0.098535,0.989665,0.994481,0.995204
0.00979747,0.108293,0.0985134,0.989545,0.994327,0.994986
0.00979629,0.108315,0.0985201,0.989425,0.994528,0.995053
0.00980549,0.108319,0.0985178,0.990355,0.994564,0.99503
0.00980874,0.108315,0.0985408,0.990683,0.994533,0.995262
0.00981051,0.108322,0.0985518,0.990861,0.994596,0.995373
0.00981226,0.108346,0.0985451,0.991039,0.994809,0.995305
0.00981401,0.108324,0.0985561,0.991215,0.994615,0.995416
0.00982018,0.108319,0.098542,0.991838,0.99457,0.995274
0.00982191,0.108344,0.0985794,0.992013,0.994795,0.995652
0.00982364,0.108339,0.0985889,0.992188,0.99475,0.995748
0.0098239,0.108353,0.0985909,0.992214,0.99488,0.995768
0.0098227,0.108329,0.0985945,0.992092,0.99466,0.995804
0.0098288,0.108323,0.0986141,0.992709,0.994602,0.996002
0.00982759,0.10833,0.0986029,0.992587,0.994665,0.99589
0.00982347,0.108353,0.0986006,0.992171,0.994874,0.995866
0.00982664,0.108349,0.0985968,0.992491,0.994843,0.995828
0.00983125,0.108357,0.0985989,0.992957,0.994918,0.995848
0.00982859,0.108331,0.0986183,0.992688,0.994674,0.996045
0.00983464,0.108342,0.0986073,0.993299,0.994776,0.995933
0.00983633,0.10837,0.0986151,0.993469,0.995037,0.996012
0.0098409,0.108383,0.0986041,0.993931,0.995151,0.995901
0.00984113,0.108375,0.098622,0.993954,0.99508,0.996082
0.00984136,0.108395,0.0986311,0.993977,0.99526,0.996175
0.00984302,0.108394,0.0986173,0.994145,0.995255,0.996035
0.00983894,0.108382,0.0986207,0.993733,0.995144,0.996069
0.0098363,0.108376,0.0986055,0.993466,0.995087,0.995915
0.00983367,0.108371,0.0986204,0.993201,0.995042,0.996066
0.00984106,0.108378,0.098608,0.993947,0.995103,0.995941
0.00984843,0.108356,0.0985943,0.994692,0.994901,0.995803
0.00984865,0.108349,0.0986163,0.994713,0.994844,0.996024
0.00985314,0.108332,0.0986282,0.995167,0.994683,0.996145
0.00984908,0.10834,0.0986444,0.994757,0.994757,0.996308
0.00985071,0.108349,0.0986421,0.994922,0.994844,0.996285
0.00984951,0.108349,0.0986298,0.9948,0.994839,0.996161
0.00984689,0.108344,0.0986388,0.994535,0.994796,0.996252
0.00984144,0.108351,0.0986408,0.993986,0.994856,0.996272
0.00983884,0.108339,0.0986144,0.993723,0.994748,0.996006
0.00983484,0.108345,0.0986206,0.993319,0.994808,0.996068
0.0098393,0.108344,0.098631,0.993769,0.994791,0.996173
0.00984234,0.108354,0.0986273,0.994076,0.99489,0.996136
0.00984958,0.108365,0.0986138,0.994808,0.994988,0.995999
0.00985119,0.108372,0.0986227,0.994971,0.995048,0.99609
0.0098556,0.108375,0.0986443,0.995416,0.995082,0.996307
0.00985441,0.108382,0.0986434,0.995295,0.995141,0.996298
0.00984763,0.108377,0.0986411,0.99461,0.995098,0.996275
0.00985342,0.108386,0.0986667,0.995195,0.995183,0.996533
0.00985502,0.108382,0.0986964,0.995357,0.995139,0.996834
0.00984965,0.108395,0.0986829,0.994815,0.995262,0.996697
0.00985542,0.108414,0.0986945,0.995397,0.995436,0.996814
0.00986394,0.108458,0.0987074,0.996258,0.995838,0.996944
0.00986274,0.108438,0.0986815,0.996137,0.995654,0.996683
0.00985879,0.108449,0.098693,0.995737,0.995763,0.996799
0.00985484,0.108447,0.0986906,0.995338,0.995744,0.996775
0.0098578,0.108425,0.0986662,0.995637,0.995536,0.996529
0.00985248,0.108424,0.098675,0.995101,0.995531,0.996617
0.00985406,0.108433,0.0986754,0.99526,0.995614,0.996622
0.00985014,0.108422,0.0986703,0.994864,0.995507,0.996571
0.00984211,0.108413,0.0986626,0.994054,0.995426,0.996492
0.00984233,0.108408,0.0986671,0.994075,0.995383,0.996538
0.00984391,0.108388,0.0986717,0.994235,0.995203,0.996584
0.0098414,0.108374,0.0986585,0.993981,0.995072,0.996451
0.0098498,0.108383,0.0986576,0.994829,0.995155,0.996442
0.00984592,0.108376,0.0986649,0.994437,0.995088,0.996515
0.00984749,0.108356,0.0986667,0.994596,0.994908,0.996533
0.00984905,0.108346,0.0986563,0.994754,0.994816,0.996428
0.00984926,0.108328,0.0986635,0.994775,0.99465,0.996502
0.0098481,0.108325,0.0986531,0.994659,0.994621,0.996397
0.00984019,0.108333,0.098655,0.993859,0.994692,0.996415
0.00984041,0.108339,0.0986514,0.993881,0.99475,0.996379
0.00984332,0.108326,0.0986545,0.994175,0.994634,0.996411
0.00984758,0.108331,0.0986631,0.994605,0.994679,0.996497
0.00984644,0.10832,0.0986716,0.99449,0.994577,0.996583
0.00984933,0.108325,0.0986788,0.994782,0.994622,0.996656
0.00985222,0.108326,0.0986698,0.995074,0.99463,0.996565
0.00985376,0.10834,0.0986796,0.995229,0.994762,0.996664
0.00985261,0.108359,0.0986787,0.995114,0.99493,0.996655
0.00985014,0.108353,0.0986778,0.994864,0.994876,0.996646
0.00985568,0.108376,0.0986969,0.995423,0.995092,0.996839
0.0098612,0.108385,0.0986907,0.995981,0.995173,0.996776
0.00986006,0.108399,0.0986991,0.995866,0.995303,0.996861
0.00986689,0.108383,0.0986982,0.996556,0.995152,0.996851
0.00987238,0.108405,0.0987052,0.99711,0.995354,0.996922
0.0098699,0.108392,0.0986963,0.996859,0.99524,0.996833
0.00987272,0.108391,0.0986888,0.997144,0.995223,0.996756
0.00986759,0.108376,0.098668,0.996627,0.995085,0.996547
0.00986513,0.108355,0.0986883,0.996378,0.994898,0.996751
0.00986794,0.108369,0.0986742,0.996662,0.995027,0.996609
0.00986417,0.108371,0.098668,0.996281,0.995047,0.996547
0.00987092,0.108372,0.0986698,0.996963,0.995054,0.996565
0.00986584,0.108364,0.0986873,0.996449,0.994977,0.996741
0.00986339,0.108369,0.0987008,0.996202,0.995021,0.996878
0.00986619,0.108385,0.0987064,0.996485,0.995173,0.996935
0.0098716,0.108404,0.0987343,0.997031,0.995349,0.997217
0.00987438,0.108397,0.0987334,0.997312,0.995284,0.997207
0.00987063,0.108401,0.0987259,0.996933,0.995315,0.997131
0.0098708,0.108413,0.0987523,0.996951,0.99543,0.997398
0.00987227,0.10843,0.0987578,0.997099,0.995581,0.997454
0.00986723,0.108469,0.0987633,0.99659,0.995946,0.99751
0.00986481,0.108464,0.0987598,0.996346,0.995892,0.997474
0.00986368,0.108466,0.0987562,0.996232,0.995911,0.997437
0.00986516,0.108461,0.0987604,0.996381,0.995869,0.99748
0.00986663,0.108454,0.0987439,0.996529,0.995805,0.997313
0.00986938,0.108465,0.0987532,0.996808,0.995906,0.997408
0.00987084,0.108468,0.09876,0.996955,0.995936,0.997476
0.0098723,0.108456,0.0987629,0.997102,0.995824,0.997505
0.00987503,0.108471,0.0987941,0.997378,0.99596,0.99782
0.00987519,0.108479,0.0988252,0.997395,0.996037,0.998135
0.00988049,0.108479,0.0988344,0.997929,0.996032,0.998228
0.00988321,0.108456,0.0988205,0.998204,0.995826,0.998087
0.00988208,0.108443,0.0988246,0.99809,0.995703,0.998128
0.00987839,0.108432,0.0988248,0.997717,0.995604,0.998131
0.00987599,0.10843,0.0988238,0.997475,0.995587,0.99812
0.00987742,0.108406,0.0988342,0.99762,0.99536,0.998225
0.00988268,0.108406,0.0988395,0.99815,0.995367,0.998279
0.00988155,0.108402,0.0988372,0.998037,0.995327,0.998255
0.00988043,0.108417,0.0988463,0.997924,0.995462,0.998347
0.00988312,0.108416,0.098849,0.998195,0.995457,0.998375
0.00988581,0.108416,0.0988543,0.998466,0.995452,0.998428
0.00988722,0.10842,0.0988544,0.998609,0.995494,0.99843
0.00988736,0.108407,0.0988534,0.998623,0.995373,0.998419
0.00989381,0.108422,0.098846,0.999275,0.995507,0.998344
0.00989899,0.108431,0.09885,0.999798,0.995595,0.998385
0.00990038,0.108404,0.0988375,0.999938,0.995347,0.998259
0.00989547,0.108402,0.0988352,0.999443,0.995331,0.998236
0.00989309,0.108378,0.0988392,0.999202,0.995107,0.998276
0.00988821,0.108373,0.0988269,0.998709,0.995057,0.998151
0.00988835,0.10839,0.0988384,0.998723,0.995214,0.998267
0.00988974,0.108387,0.0988411,0.998864,0.995186,0.998295
0.00988613,0.108362,0.0988425,0.998499,0.994964,0.998309
0.00989126,0.108374,0.0988327,0.999017,0.995074,0.998211
0.00989763,0.108403,0.0988479,0.999661,0.995333,0.998364
0.00989776,0.108391,0.0988381,0.999674,0.995226,0.998265
0.0098954,0.108407,0.0988333,0.999435,0.99537,0.998217
0.00990174,0.108417,0.0988348,1.00008,0.995468,0.998231
0.00989938,0.108414,0.09884,0.999837,0.99544,0.998284
0.00989331,0.108432,0.098829,0.999224,0.995606,0.998173
0.00988725,0.108424,0.0987995,0.998613,0.995533,0.997875
0.00987998,0.108439,0.098801,0.997878,0.995664,0.99789
0.00988012,0.108451,0.0987901,0.997893,0.995773,0.99778
0.00987287,0.108449,0.0987756,0.99716,0.995756,0.997634
0.00987919,0.108454,0.0987808,0.997798,0.995808,0.997686
0.00988795,0.108497,0.0987934,0.998683,0.996198,0.997813
0.00988686,0.108486,0.0987973,0.998572,0.996102,0.997853
0.00988331,0.10848,0.0987939,0.998215,0.99604,0.997818
0.00988346,0.108486,0.0987843,0.998229,0.996103,0.997722
0.00987748,0.108459,0.0987748,0.997625,0.99585,0.997625
0.00987152,0.108458,0.0987592,0.997023,0.995845,0.997468
0.00987045,0.108453,0.0987729,0.996916,0.995795,0.997606
0.00986939,0.108469,0.0987793,0.996809,0.995946,0.997671
0.00987077,0.108476,0.0987942,0.996948,0.996008,0.997821
0.00986849,0.108495,0.0988127,0.996718,0.996182,0.998008
0.00987837,0.108504,0.0988336,0.997716,0.996265,0.998219
0.0098858,0.108495,0.0988447,0.998466,0.996182,0.998331
0.00988473,0.108482,0.0988497,0.998358,0.996065,0.998382
0.00988124,0.108483,0.0988378,0.998005,0.996071,0.998262
0.00988622,0.108492,0.0988392,0.998508,0.996154,0.998276
0.00988394,0.108494,0.0988442,0.998278,0.996171,0.998327
0.0098877,0.108511,0.0988468,0.998657,0.996332,0.998353
0.00988542,0.108528,0.0988578,0.998428,0.996481,0.998464
0.00988436,0.108526,0.0988556,0.99832,0.996464,0.998442
0.0098893,0.108537,0.098863,0.99882,0.996568,0.998516
0.00988463,0.108527,0.098856,0.998348,0.996474,0.998445
0.00987998,0.108537,0.0988489,0.997878,0.996568,0.998374
0.00988132,0.10855,0.0988395,0.998013,0.996683,0.998279
0.00988864,0.108559,0.0988457,0.998752,0.996765,0.998342
0.00988758,0.108554,0.0988555,0.998645,0.996725,0.99844
0.00988532,0.108542,0.0988497,0.998418,0.99661,0.998382
0.00988546,0.108534,0.0988451,0.998431,0.996538,0.998335
0.00988441,0.10854,0.0988488,0.998325,0.996598,0.998373
0.00988098,0.108535,0.0988514,0.997979,0.996548,0.998399
0.00988112,0.108549,0.0988622,0.997993,0.996673,0.998509
0.00988363,0.108547,0.0988529,0.998247,0.996657,0.998414
0.00988377,0.108546,0.0988472,0.998261,0.996651,0.998356
0.00988036,0.108542,0.0988474,0.997916,0.996612,0.998358
0.00987813,0.10854,0.098844,0.997691,0.996595,0.998324
0.00987474,0.10855,0.0988501,0.997348,0.996687,0.998386
0.00987252,0.108548,0.0988385,0.997125,0.99667,0.998268
0.00987856,0.108544,0.0988398,0.997735,0.996632,0.998282
0.00988459,0.108554,0.0988412,0.998344,0.996723,0.998296
0.00988943,0.108562,0.0988414,0.998832,0.996793,0.998298
0.00989425,0.10858,0.0988369,0.999319,0.996959,0.998252
0.00989672,0.108587,0.0988582,0.999569,0.997028,0.998467
0.00989918,0.108603,0.0988759,0.999817,0.997172,0.998646
0.00990281,0.108621,0.0988749,1.00018,0.997338,0.998636
0.00990643,0.108614,0.0988575,1.00055,0.997278,0.998461
0.00989953,0.108611,0.0988705,0.999853,0.99725,0.998592
0.00989732,0.108623,0.0988555,0.999629,0.997361,0.99844
0.00989395,0.108603,0.098844,0.999289,0.997172,0.998325
0.00989523,0.108619,0.0988547,0.999419,0.997315,0.998432
0.00988955,0.108625,0.0988711,0.998844,0.997373,0.998598
0.0098862,0.108636,0.0988631,0.998506,0.997473,0.998518
0.00988401,0.108634,0.0988575,0.998285,0.997455,0.998461
0.00988762,0.108643,0.0988519,0.998649,0.997544,0.998404
0.0098889,0.108621,0.0988543,0.998779,0.997336,0.998429
0.00988788,0.108614,0.0988545,0.998676,0.997276,0.998431
0.0098857,0.108603,0.0988535,0.998456,0.997174,0.998421
0.00988583,0.108606,0.0988502,0.998469,0.9972,0.998387
0.00988596,0.108606,0.098855,0.998482,0.997204,0.998436
0.00988494,0.108594,0.0988517,0.998379,0.997092,0.998403
0.00988508,0.108604,0.0988576,0.998393,0.99718,0.998462
0.00988406,0.108608,0.0988658,0.99829,0.997216,0.998545
0.00987961,0.108617,0.0988706,0.997841,0.997304,0.998593
0.00987975,0.108618,0.098873,0.997855,0.997308,0.998617
0.00987874,0.108616,0.0988732,0.997753,0.997291,0.998619
0.0098766,0.108615,0.0988801,0.997537,0.997285,0.99869
0.00987902,0.108605,0.0988883,0.997781,0.997195,0.998772
0.00988485,0.108609,0.0988986,0.99837,0.99723,0.998876
0.00988043,0.108612,0.0988931,0.997924,0.997255,0.99882
0.00987262,0.108599,0.0989011,0.997134,0.997134,0.998902
0.00987389,0.10859,0.0989103,0.997263,0.997055,0.998994
0.00987064,0.108596,0.0989059,0.996934,0.997111,0.99895
0.00987078,0.108601,0.0989117,0.996949,0.997157,0.999008
0.00987319,0.10859,0.0989061,0.997192,0.997057,0.998952
0.00987107,0.108584,0.098904,0.996979,0.996999,0.99893
0.00986896,0.108564,0.0988939,0.996765,0.996817,0.998829
0.0098646,0.108571,0.0989008,0.996325,0.996884,0.998898
0.0098625,0.10857,0.0988896,0.996113,0.996867,0.998785
0.00986603,0.108568,0.0988954,0.996469,0.996851,0.998844
0.00986169,0.108583,0.0989023,0.99603,0.99699,0.998913
0.00986296,0.108592,0.0988979,0.996159,0.997077,0.998869
0.00986424,0.108594,0.0989058,0.996288,0.997091,0.998949
0.00986663,0.108592,0.0989384,0.99653,0.997075,0.999278
0.00986342,0.108595,0.0989441,0.996206,0.997099,0.999335
0.00985799,0.10858,0.0989252,0.995657,0.99696,0.999144
0.0098615,0.108587,0.098923,0.996011,0.997026,0.999122
0.00985942,0.108573,0.0989186,0.995802,0.996897,0.999078
0.00985624,0.108544,0.0989009,0.99548,0.996635,0.998899
0.0098564,0.108534,0.0988977,0.995496,0.996538,0.998866
0.00986545,0.108523,0.0988978,0.99641,0.996441,0.998868
0.00986449,0.108522,0.0988912,0.996313,0.996425,0.998802
0.0098602,0.108522,0.0988847,0.99588,0.99643,0.998736
0.00986036,0.108526,0.0988937,0.995896,0.996465,0.998826
0.00986162,0.108523,0.0988816,0.996023,0.99644,0.998705
0.00985514,0.108516,0.0988862,0.995369,0.996373,0.998751
0.00985971,0.108525,0.0988985,0.995831,0.996459,0.998875
0.00986538,0.108537,0.0989052,0.996404,0.996566,0.998942
0.00986773,0.108534,0.0989064,0.996641,0.99654,0.998955
0.00987338,0.10855,0.0989351,0.997211,0.996686,0.999245
0.00986692,0.108541,0.0989286,0.996559,0.9966,0.999179
0.00986488,0.108565,0.0989232,0.996352,0.996826,0.999124
0.00986283,0.10856,0.0989408,0.996146,0.99678,0.999302
0.0098586,0.108546,0.0989201,0.995719,0.996654,0.999093
0.00985547,0.108539,0.0988983,0.995403,0.996588,0.998872
0.00985672,0.108539,0.0988951,0.995529,0.996583,0.99884
0.0098536,0.108542,0.0989018,0.995214,0.996617,0.998908
0.00985267,0.108545,0.0989128,0.99512,0.996642,0.999019
0.00985066,0.108541,0.0989183,0.994916,0.996607,0.999075
0.00984864,0.108568,0.0989184,0.994713,0.996851,0.999076
0.00984772,0.108571,0.0989141,0.99462,0.996875,0.999033
0.00984897,0.108579,0.0989338,0.994746,0.996949,0.999231
0.0098448,0.108574,0.0989241,0.994324,0.996904,0.999133
0.0098428,0.108555,0.0989166,0.994123,0.996729,0.999058
0.00984297,0.108568,0.0989145,0.99414,0.996852,0.999037
0.00984314,0.108565,0.0989157,0.994157,0.996827,0.999048
0.00984547,0.108543,0.0989341,0.994392,0.996623,0.999235
0.00984563,0.108541,0.0989579,0.994409,0.996608,0.999475
0.00983933,0.108572,0.0989763,0.993773,0.996889,0.999661
0.00984489,0.108583,0.0990075,0.994334,0.996992,0.999976
0.00984398,0.108585,0.099014,0.994242,0.997006,1.00004
0.00983985,0.108579,0.0990204,0.993825,0.996951,1.00011
0.00984002,0.108575,0.0990215,0.993842,0.996916,1.00012
0.0098402,0.108599,0.0990257,0.99386,0.997137,1.00016
0.00984144,0.108602,0.0990236,0.993985,0.99716,1.00014
0.00983626,0.1086,0.0990193,0.993462,0.997145,1.00009
0.00983857,0.108604,0.0990139,0.993696,0.997178,1.00004
0.00983447,0.108605,0.099,0.993282,0.997192,0.9999
0.00983572,0.108594,0.0990011,0.993407,0.997088,0.999911
0.00984015,0.108589,0.0989883,0.993855,0.997043,0.999782
0.00983607,0.108583,0.0989851,0.993443,0.996988,0.99975
0.0098373,0.108578,0.0989734,0.993568,0.996944,0.999632
0.00983854,0.108572,0.0989809,0.993692,0.996889,0.999707
0.00984401,0.108593,0.0989905,0.994245,0.997078,0.999804
0.00984206,0.108583,0.0989852,0.994048,0.996985,0.99975
0.00983799,0.108594,0.099,0.993637,0.997086,0.9999
0.00983605,0.108603,0.0990138,0.993441,0.997178,1.00004
0.00984256,0.108613,0.0990222,0.994098,0.997269,1.00012
0.0098385,0.108618,0.0990127,0.993689,0.997311,1.00003
0.00983973,0.108614,0.0990137,0.993812,0.997276,1.00004
0.00983884,0.108628,0.0990105,0.993723,0.997406,1.00001
0.00984006,0.108629,0.099041,0.993847,0.997409,1.00031
0.00984233,0.108651,0.0990431,0.994076,0.997615,1.00034
0.00984775,0.108649,0.0990567,0.994622,0.997599,1.00047
0.00984581,0.108639,0.0990545,0.994427,0.997507,1.00045
0.00984492,0.108639,0.0990723,0.994337,0.9975,1.00063
0.00984195,0.108624,0.0990628,0.994037,0.997369,1.00053
0.00984629,0.108621,0.0990502,0.994476,0.997335,1.00041
0.00984645,0.108622,0.0990595,0.994492,0.997348,1.0005
0.0098487,0.108616,0.0990688,0.994719,0.997294,1.0006
0.00984886,0.108609,0.0990708,0.994734,0.997231,1.00062
0.00985213,0.108603,0.0990739,0.995066,0.997177,1.00065
0.00984813,0.108589,0.0990769,0.994661,0.997047,1.00068
0.00984621,0.108586,0.0990644,0.994467,0.997013,1.00055
0.00984326,0.108583,0.0990384,0.994169,0.996988,1.00029
0.00984757,0.108574,0.0990332,0.994604,0.996907,1.00024
0.00984565,0.108588,0.0990331,0.994411,0.997034,1.00023
0.00984892,0.108595,0.099029,0.994741,0.997095,1.00019
0.00985011,0.108593,0.0990496,0.994861,0.99708,1.0004
0.0098451,0.108575,0.0990516,0.994355,0.996913,1.00042
0.00984526,0.108571,0.0990516,0.994371,0.99688,1.00042
0.00984645,0.108579,0.0990453,0.994491,0.99695,1.00036
0.00984455,0.108577,0.0990422,0.994299,0.996935,1.00033
0.00984471,0.108607,0.0990617,0.994316,0.997213,1.00052
0.00984281,0.108608,0.0990596,0.994124,0.997216,1.0005
0.00984605,0.108594,0.0990698,0.994451,0.997088,1.0006
0.00984314,0.10861,0.099085,0.994157,0.997233,1.00076
0.00984125,0.108603,0.0990819,0.993966,0.997171,1.00073
0.00983937,0.108599,0.0990828,0.993776,0.997137,1.00074
0.00983442,0.108604,0.0990858,0.993277,0.997178,1.00077
0.0098397,0.108613,0.0990837,0.993809,0.997266,1.00075
0.00983884,0.108598,0.0990785,0.993723,0.99713,1.00069
0.009839,0.10859,0.0990662,0.993739,0.997049,1.00057
0.00983917,0.10859,0.099058,0.993756,0.997053,1.00049
0.00984136,0.108584,0.0990742,0.993978,0.997001,1.00065
0.00983543,0.108581,0.0990721,0.993379,0.996968,1.00063
0.0098356,0.108583,0.0990659,0.993396,0.99699,1.00057
0.00983779,0.108598,0.0990638,0.993617,0.997124,1.00054
0.00983796,0.108607,0.0990607,0.993634,0.997212,1.00051
0.0098361,0.1086,0.0990465,0.993446,0.997141,1.00037
0.00983929,0.1086,0.0990323,0.993769,0.997145,1.00023
0.00984047,0.108595,0.0990252,0.993887,0.997102,1.00015
0.00984163,0.108604,0.0990333,0.994005,0.99718,1.00024
0.00983676,0.108607,0.0990282,0.993513,0.997211,1.00018
0.00984095,0.108598,0.0990433,0.993936,0.997123,1.00034
0.00984111,0.108593,0.0990472,0.993952,0.99708,1.00038
0.00984227,0.108608,0.0990502,0.994069,0.997222,1.00041
0.00984343,0.108611,0.0990632,0.994187,0.997244,1.00054
0.00984158,0.108615,0.0990671,0.994,0.997285,1.00058
0.00984675,0.108623,0.0990661,0.994522,0.997352,1.00057
